withdrawal_timing,count,share
<6 months,25,0.4032258064516129
6–12 months,37,0.5967741935483871
1–2 years,0,0.0
>2 years,0,0.0
