technology,active,withdrawn
hybrid_solar_storage,29258.8787402,16286.170973
storage,18205.1916356,13829.871846
solar,5433.15762,826.476546
other,0.0,11.4
wind,417.1,0.0
