public_mw,public_share
90191.14,0.18317329066046567
32932.8874,0.06688489973636642
369257.4747,0.7499418096031678
