cluster15_mw,cluster15_share
37245.2,0.6311386140375523
21767.51,0.3688613859624478
