sheet_outcome,cluster15_mw,cluster15_share
active,37245.2,0.6311386140375523
withdrawn,21767.51,0.3688613859624478
